Target,Model,R2,MAE,RMSE
FM,DynamicMu,-0.28322391240704126,23.449672677299016,48.6290573166947
FM,Monod_Liebig,-0.20457090401283162,22.671538871111807,47.1151755002089
FM,Monod_Multiplicative,-0.24187822098151734,23.04007543386337,47.839224868597654
DM,DynamicMu,-0.3114791603980158,1.3556388926451246,2.7013303277517107
DM,Monod_Liebig,-0.21411585879258976,1.297398573320416,2.599124382463038
DM,Monod_Multiplicative,-0.25987994846200335,1.3251586355655915,2.6476561295797536
