{
  "dynamic": {
    "mu_max": 0.4007785239171404,
    "Ks": 2.035219646904974,
    "m": -0.008683992967534294,
    "delay": 0.025119552560346054,
    "success": false,
    "objective": 249.40601284917483
  },
  "rmnd": {
    "mu_max_N": 0.3973622892526548,
    "mu_max_P": 0.29468667773010937,
    "mu_max_K": 0.44854038471254787,
    "mu_max_MSS": 0.3,
    "KsN": 2.3124591047707805,
    "KsP": 1e-06,
    "KsK": 0.8669598006414135,
    "m_N": -0.008117949504045097,
    "m_P": -0.06292717749101537,
    "m_K": -0.010088804011133221,
    "m_MSS": 0.0,
    "delay_N": 0.0005928939981707104,
    "delay_P": 4.2727307455362364e-05,
    "delay_K": 5.704108361526023e-06,
    "delay_MSS": 0.0,
    "success": true,
    "objective": 261.0100697677611
  },
  "smnd": {
    "mu_max": 0.4223592958833867,
    "KsN": 2.930124378969295,
    "KsP": 0.1866817062840986,
    "KsK": 0.42672615102879113,
    "m": -0.00896700398854747,
    "delay": 0.0004150556512890481,
    "success": true,
    "objective": 137.88614857416692
  },
  "liebig": {
    "mu_max": 0.2762364620631225,
    "KsN": 4.0014549564956345,
    "KsP": 0.4755816944726825,
    "KsK": 1.1129803469252482,
    "success": true,
    "objective": 177.09573979124187
  },
  "multiplicative": {
    "mu_max": 0.2812861365509909,
    "KsN": 4.446066562500228,
    "KsP": 0.27831052461407735,
    "KsK": 0.6535847210912508,
    "success": true,
    "objective": 201.6052939775583
  }
}